"eg_proteinId"	"eg_proteinDescription"	"eg_assayCollectionType"	"eg_iRT"	"t_relativeFragmentIonIntensity"	"tg_aminoAcidSequenceWithASCIIMod"	"eg_aminoAcidSequence"	"tg_precursorCharge"	"t_fragmentIonCharge"	"t_fragmentIonSeries"	"t_fragmentIonNumber"	"tg_Q1"	"t_Q3"
"BiognosysIRT"	NA	"external"	-24.1595860300506	14.4610791027036	"LGGNEQVTR_Unmodified"	"LGGNEQVTR"	2	1	"b"	3	487.256746	228.134267894225
"BiognosysIRT"	NA	"external"	-24.1595860300506	25.5030438342392	"LGGNEQVTR_Unmodified"	"LGGNEQVTR"	2	1	"y"	6	487.256746	746.3791426261
"BiognosysIRT"	NA	"external"	-24.1595860300506	48.6198426721855	"LGGNEQVTR_Unmodified"	"LGGNEQVTR"	2	1	"y"	5	487.256746	632.336215178875
"BiognosysIRT"	NA	"external"	-24.1595860300506	97.9325127898199	"LGGNEQVTR_Unmodified"	"LGGNEQVTR"	2	1	"y"	7	487.256746	803.400606349732
"BiognosysIRT"	NA	"external"	-24.1595860300506	100	"LGGNEQVTR_Unmodified"	"LGGNEQVTR"	2	1	"y"	4	487.256746	503.293622082679
"BiognosysIRT"	NA	"external"	-24.1595860300506	14.4610791027036	"LGGNEQVTR_Unmodified"	"LGGNEQVTR"	2	1	"b"	3	492.2608805	228.134267894225
"BiognosysIRT"	NA	"external"	-24.1595860300506	25.5030438342392	"LGGNEQVTR_Unmodified"	"LGGNEQVTR"	2	1	"y"	6	492.2608805	756.3874116261
"BiognosysIRT"	NA	"external"	-24.1595860300506	48.6198426721855	"LGGNEQVTR_Unmodified"	"LGGNEQVTR"	2	1	"y"	5	492.2608805	642.344484178875
"BiognosysIRT"	NA	"external"	-24.1595860300506	97.9325127898199	"LGGNEQVTR_Unmodified"	"LGGNEQVTR"	2	1	"y"	7	492.2608805	813.408875349732
"BiognosysIRT"	NA	"external"	-24.1595860300506	100	"LGGNEQVTR_Unmodified"	"LGGNEQVTR"	2	1	"y"	4	492.2608805	513.301891082679
"BiognosysIRT"	NA	"external"	1.30180020528641	7.42230168852329	"GAGSSEPVTGLDAK_Unmodified"	"GAGSSEPVTGLDAK"	2	1	"b"	8	644.822666	685.315145385375
"BiognosysIRT"	NA	"external"	1.30180020528641	41.9634956764772	"GAGSSEPVTGLDAK_Unmodified"	"GAGSSEPVTGLDAK"	2	1	"y"	12	644.822666	1160.5793585763
"BiognosysIRT"	NA	"external"	1.30180020528641	50.8955214772595	"GAGSSEPVTGLDAK_Unmodified"	"GAGSSEPVTGLDAK"	2	1	"b"	6	644.822666	489.193967617563
"BiognosysIRT"	NA	"external"	1.30180020528641	59.5144961585638	"GAGSSEPVTGLDAK_Unmodified"	"GAGSSEPVTGLDAK"	2	1	"y"	11	644.822666	1103.55789485281
"BiognosysIRT"	NA	"external"	1.30180020528641	100	"GAGSSEPVTGLDAK_Unmodified"	"GAGSSEPVTGLDAK"	2	1	"y"	4	644.822666	446.260924970874
"BiognosysIRT"	NA	"external"	1.30180020528641	7.42230168852329	"GAGSSEPVTGLDAK_Unmodified"	"GAGSSEPVTGLDAK"	2	1	"b"	8	648.8297655	685.315145385375
"BiognosysIRT"	NA	"external"	1.30180020528641	41.9634956764772	"GAGSSEPVTGLDAK_Unmodified"	"GAGSSEPVTGLDAK"	2	1	"y"	12	648.8297655	1168.5935575763
"BiognosysIRT"	NA	"external"	1.30180020528641	50.8955214772595	"GAGSSEPVTGLDAK_Unmodified"	"GAGSSEPVTGLDAK"	2	1	"b"	6	648.8297655	489.193967617563
"BiognosysIRT"	NA	"external"	1.30180020528641	59.5144961585638	"GAGSSEPVTGLDAK_Unmodified"	"GAGSSEPVTGLDAK"	2	1	"y"	11	648.8297655	1111.57209385281
"BiognosysIRT"	NA	"external"	1.30180020528641	100	"GAGSSEPVTGLDAK_Unmodified"	"GAGSSEPVTGLDAK"	2	1	"y"	4	648.8297655	454.275123970874
"BiognosysIRT"	NA	"external"	13.732474559006	25.4366465544617	"VEATFGVDESNAK_Unmodified"	"VEATFGVDESNAK"	2	1	"b"	6	683.827916	605.292953380844
"BiognosysIRT"	NA	"external"	13.732474559006	27.2331352356757	"VEATFGVDESNAK_Unmodified"	"VEATFGVDESNAK"	2	1	"b"	9	683.827916	948.430903426563
"BiognosysIRT"	NA	"external"	13.732474559006	64.9609097370292	"VEATFGVDESNAK_Unmodified"	"VEATFGVDESNAK"	2	1	"y"	12	683.827916	1267.58008685831
"BiognosysIRT"	NA	"external"	13.732474559006	85.1562854420905	"VEATFGVDESNAK_Unmodified"	"VEATFGVDESNAK"	2	1	"b"	4	683.827916	401.203075740656
"BiognosysIRT"	NA	"external"	13.732474559006	100	"VEATFGVDESNAK_Unmodified"	"VEATFGVDESNAK"	2	1	"y"	3	683.827916	332.192845405641
"BiognosysIRT"	NA	"external"	13.732474559006	25.4366465544617	"VEATFGVDESNAK_Unmodified"	"VEATFGVDESNAK"	2	1	"b"	6	687.8350155	605.292953380844
"BiognosysIRT"	NA	"external"	13.732474559006	27.2331352356757	"VEATFGVDESNAK_Unmodified"	"VEATFGVDESNAK"	2	1	"b"	9	687.8350155	948.430903426563
"BiognosysIRT"	NA	"external"	13.732474559006	64.9609097370292	"VEATFGVDESNAK_Unmodified"	"VEATFGVDESNAK"	2	1	"y"	12	687.8350155	1275.59428585831
"BiognosysIRT"	NA	"external"	13.732474559006	85.1562854420905	"VEATFGVDESNAK_Unmodified"	"VEATFGVDESNAK"	2	1	"b"	4	687.8350155	401.203075740656
"BiognosysIRT"	NA	"external"	13.732474559006	100	"VEATFGVDESNAK_Unmodified"	"VEATFGVDESNAK"	2	1	"y"	3	687.8350155	340.207044405641
"BiognosysIRT"	NA	"external"	22.658806030724	10.2100251228114	"YILAGVENSK_Unmodified"	"YILAGVENSK"	2	1	"b"	3	547.298066	390.238732965672
"BiognosysIRT"	NA	"external"	22.658806030724	38.3224856322903	"YILAGVENSK_Unmodified"	"YILAGVENSK"	2	1	"y"	4	547.298066	477.230353123719
"BiognosysIRT"	NA	"external"	22.658806030724	69.7043686628116	"YILAGVENSK_Unmodified"	"YILAGVENSK"	2	1	"y"	3	547.298066	348.187760028188
"BiognosysIRT"	NA	"external"	22.658806030724	91.916845321611	"YILAGVENSK_Unmodified"	"YILAGVENSK"	2	1	"y"	6	547.298066	633.320230763662
"BiognosysIRT"	NA	"external"	22.658806030724	100	"YILAGVENSK_Unmodified"	"YILAGVENSK"	2	1	"y"	7	547.298066	704.357344551094
"BiognosysIRT"	NA	"external"	22.658806030724	10.2100251228114	"YILAGVENSK_Unmodified"	"YILAGVENSK"	2	1	"b"	3	551.3051655	390.238732965672
"BiognosysIRT"	NA	"external"	22.658806030724	38.3224856322903	"YILAGVENSK_Unmodified"	"YILAGVENSK"	2	1	"y"	4	551.3051655	485.244552123719
"BiognosysIRT"	NA	"external"	22.658806030724	69.7043686628116	"YILAGVENSK_Unmodified"	"YILAGVENSK"	2	1	"y"	3	551.3051655	356.201959028188
"BiognosysIRT"	NA	"external"	22.658806030724	91.916845321611	"YILAGVENSK_Unmodified"	"YILAGVENSK"	2	1	"y"	6	551.3051655	641.334429763662
"BiognosysIRT"	NA	"external"	22.658806030724	100	"YILAGVENSK_Unmodified"	"YILAGVENSK"	2	1	"y"	7	551.3051655	712.371543551094
"BiognosysIRT"	NA	"external"	23.8619740634677	21.187741914846	"TPVISGGPYEYR_Unmodified"	"TPVISGGPYEYR"	2	1	"y"	11	669.838116	1237.62116381113
"BiognosysIRT"	NA	"external"	23.8619740634677	21.7667381081859	"TPVISGGPYEYR_Unmodified"	"TPVISGGPYEYR"	2	1	"y"	3	669.838116	467.224873815534
"BiognosysIRT"	NA	"external"	23.8619740634677	84.2311506349765	"TPVISGGPYEYR_Unmodified"	"TPVISGGPYEYR"	2	1	"b"	4	669.838116	411.260196689344
"BiognosysIRT"	NA	"external"	23.8619740634677	99.7488883912863	"TPVISGGPYEYR_Unmodified"	"TPVISGGPYEYR"	2	1	"y"	5	669.838116	727.340966206125
"BiognosysIRT"	NA	"external"	23.8619740634677	100	"TPVISGGPYEYR_Unmodified"	"TPVISGGPYEYR"	2	1	"y"	6	669.838116	784.362429929125
"BiognosysIRT"	NA	"external"	23.8619740634677	21.187741914846	"TPVISGGPYEYR_Unmodified"	"TPVISGGPYEYR"	2	1	"y"	11	674.8422505	1247.62943281113
"BiognosysIRT"	NA	"external"	23.8619740634677	21.7667381081859	"TPVISGGPYEYR_Unmodified"	"TPVISGGPYEYR"	2	1	"y"	3	674.8422505	477.233142815534
"BiognosysIRT"	NA	"external"	23.8619740634677	84.2311506349765	"TPVISGGPYEYR_Unmodified"	"TPVISGGPYEYR"	2	1	"b"	4	674.8422505	411.260196689344
"BiognosysIRT"	NA	"external"	23.8619740634677	99.7488883912863	"TPVISGGPYEYR_Unmodified"	"TPVISGGPYEYR"	2	1	"y"	5	674.8422505	737.349235206125
"BiognosysIRT"	NA	"external"	23.8619740634677	100	"TPVISGGPYEYR_Unmodified"	"TPVISGGPYEYR"	2	1	"y"	6	674.8422505	794.370698929125
"BiognosysIRT"	NA	"external"	31.4243027011498	3.51665563112288	"TPVITGAPYEYR_Unmodified"	"TPVITGAPYEYR"	2	1	"y"	11	683.853766	1265.65246394025
"BiognosysIRT"	NA	"external"	31.4243027011498	3.89230113262804	"TPVITGAPYEYR_Unmodified"	"TPVITGAPYEYR"	2	1	"b"	5	683.853766	512.307875163401
"BiognosysIRT"	NA	"external"	31.4243027011498	25.3908761080607	"TPVITGAPYEYR_Unmodified"	"TPVITGAPYEYR"	2	1	"b"	4	683.853766	411.260196689438
"BiognosysIRT"	NA	"external"	31.4243027011498	31.4422664698683	"TPVITGAPYEYR_Unmodified"	"TPVITGAPYEYR"	2	1	"y"	6	683.853766	798.378079993442
"BiognosysIRT"	NA	"external"	31.4243027011498	100	"TPVITGAPYEYR_Unmodified"	"TPVITGAPYEYR"	2	1	"y"	5	683.853766	727.340966205804
"BiognosysIRT"	NA	"external"	31.4243027011498	3.51665563112288	"TPVITGAPYEYR_Unmodified"	"TPVITGAPYEYR"	2	1	"y"	11	688.8579005	1275.66073294025
"BiognosysIRT"	NA	"external"	31.4243027011498	3.89230113262804	"TPVITGAPYEYR_Unmodified"	"TPVITGAPYEYR"	2	1	"b"	5	688.8579005	512.307875163401
"BiognosysIRT"	NA	"external"	31.4243027011498	25.3908761080607	"TPVITGAPYEYR_Unmodified"	"TPVITGAPYEYR"	2	1	"b"	4	688.8579005	411.260196689438
"BiognosysIRT"	NA	"external"	31.4243027011498	31.4422664698683	"TPVITGAPYEYR_Unmodified"	"TPVITGAPYEYR"	2	1	"y"	6	688.8579005	808.386348993442
"BiognosysIRT"	NA	"external"	31.4243027011498	100	"TPVITGAPYEYR_Unmodified"	"TPVITGAPYEYR"	2	1	"y"	5	688.8579005	737.349235205804
"BiognosysIRT"	NA	"external"	35.4730095259865	9.79796060548483	"DGLDAASYYAPVR_Unmodified"	"DGLDAASYYAPVR"	2	1	"b"	7	699.338466	630.272946220088
"BiognosysIRT"	NA	"external"	35.4730095259865	15.660993639333	"DGLDAASYYAPVR_Unmodified"	"DGLDAASYYAPVR"	2	1	"y"	11	699.338466	1225.6211638115
"BiognosysIRT"	NA	"external"	35.4730095259865	36.5390009319327	"DGLDAASYYAPVR_Unmodified"	"DGLDAASYYAPVR"	2	1	"b"	6	699.338466	543.240917810625
"BiognosysIRT"	NA	"external"	35.4730095259865	59.4003058186984	"DGLDAASYYAPVR_Unmodified"	"DGLDAASYYAPVR"	2	1	"b"	5	699.338466	472.203804022359
"BiognosysIRT"	NA	"external"	35.4730095259865	100	"DGLDAASYYAPVR_Unmodified"	"DGLDAASYYAPVR"	2	1	"b"	4	699.338466	401.166690234569
"BiognosysIRT"	NA	"external"	35.4730095259865	9.79796060548483	"DGLDAASYYAPVR_Unmodified"	"DGLDAASYYAPVR"	2	1	"b"	7	704.3426005	630.272946220088
"BiognosysIRT"	NA	"external"	35.4730095259865	15.660993639333	"DGLDAASYYAPVR_Unmodified"	"DGLDAASYYAPVR"	2	1	"y"	11	704.3426005	1235.6294328115
"BiognosysIRT"	NA	"external"	35.4730095259865	36.5390009319327	"DGLDAASYYAPVR_Unmodified"	"DGLDAASYYAPVR"	2	1	"b"	6	704.3426005	543.240917810625
"BiognosysIRT"	NA	"external"	35.4730095259865	59.4003058186984	"DGLDAASYYAPVR_Unmodified"	"DGLDAASYYAPVR"	2	1	"b"	5	704.3426005	472.203804022359
"BiognosysIRT"	NA	"external"	35.4730095259865	100	"DGLDAASYYAPVR_Unmodified"	"DGLDAASYYAPVR"	2	1	"b"	4	704.3426005	401.166690234569
"BiognosysIRT"	NA	"external"	54.921648574553	36.4016522995696	"ADVTPADFSEWSK_Unmodified"	"ADVTPADFSEWSK"	2	1	"y"	4	726.835766	549.266738630688
"BiognosysIRT"	NA	"external"	54.921648574553	63.6409023825233	"ADVTPADFSEWSK_Unmodified"	"ADVTPADFSEWSK"	2	1	"y"	5	726.835766	636.298767040094
"BiognosysIRT"	NA	"external"	54.921648574553	68.0578127778757	"ADVTPADFSEWSK_Unmodified"	"ADVTPADFSEWSK"	2	1	"y"	3	726.835766	420.224145534
"BiognosysIRT"	NA	"external"	54.921648574553	92.6757637324017	"ADVTPADFSEWSK_Unmodified"	"ADVTPADFSEWSK"	2	1	"y"	6	726.835766	783.367180956103
"BiognosysIRT"	NA	"external"	54.921648574553	100	"ADVTPADFSEWSK_Unmodified"	"ADVTPADFSEWSK"	2	1	"b"	4	726.835766	387.187425676669
"BiognosysIRT"	NA	"external"	54.921648574553	36.4016522995696	"ADVTPADFSEWSK_Unmodified"	"ADVTPADFSEWSK"	2	1	"y"	4	730.8428655	557.280937630688
"BiognosysIRT"	NA	"external"	54.921648574553	63.6409023825233	"ADVTPADFSEWSK_Unmodified"	"ADVTPADFSEWSK"	2	1	"y"	5	730.8428655	644.312966040094
"BiognosysIRT"	NA	"external"	54.921648574553	68.0578127778757	"ADVTPADFSEWSK_Unmodified"	"ADVTPADFSEWSK"	2	1	"y"	3	730.8428655	428.238344534
"BiognosysIRT"	NA	"external"	54.921648574553	92.6757637324017	"ADVTPADFSEWSK_Unmodified"	"ADVTPADFSEWSK"	2	1	"y"	6	730.8428655	791.381379956103
"BiognosysIRT"	NA	"external"	54.921648574553	100	"ADVTPADFSEWSK_Unmodified"	"ADVTPADFSEWSK"	2	1	"b"	4	730.8428655	387.187425676669
"Q58NB6"	"Dehydrogenase/reductase SDR family member 9"	"external"	62.0757042551087	42.7613532459616	"AFGVHVSCIEPGLFK_Lys8"	"AFGVHVSCIEPGLFK"	2	1	"b"	4	830.9294665	375.202681810409
"Q58NB6"	"Dehydrogenase/reductase SDR family member 9"	"external"	62.0757042551087	44.8072234074977	"AFGVHVSCIEPGLFK_Lys8"	"AFGVHVSCIEPGLFK"	2	1	"y"	4	830.9294665	464.286745604109
"Q58NB6"	"Dehydrogenase/reductase SDR family member 9"	"external"	62.0757042551087	47.7293508076806	"AFGVHVSCIEPGLFK_Lys8"	"AFGVHVSCIEPGLFK"	2	1	"y"	7	830.9294665	803.466166532669
"Q58NB6"	"Dehydrogenase/reductase SDR family member 9"	"external"	62.0757042551087	53.6840902163974	"AFGVHVSCIEPGLFK_Lys8"	"AFGVHVSCIEPGLFK"	2	1	"y"	3	830.9294665	407.2652818804
"Q58NB6"	"Dehydrogenase/reductase SDR family member 9"	"external"	62.0757042551087	100	"AFGVHVSCIEPGLFK_Lys8"	"AFGVHVSCIEPGLFK"	2	1	"y"	6	830.9294665	690.382102552244
"Q58NB6"	"Dehydrogenase/reductase SDR family member 9"	"external"	62.0757042551087	42.7613532459616	"AFGVHVSCIEPGLFK_Lys8"	"AFGVHVSCIEPGLFK"	2	1	"b"	4	830.9294665	375.202681810409
"Q58NB6"	"Dehydrogenase/reductase SDR family member 9"	"external"	62.0757042551087	44.8072234074977	"AFGVHVSCIEPGLFK_Lys8"	"AFGVHVSCIEPGLFK"	2	1	"y"	4	830.9294665	464.286745604109
"Q58NB6"	"Dehydrogenase/reductase SDR family member 9"	"external"	62.0757042551087	47.7293508076806	"AFGVHVSCIEPGLFK_Lys8"	"AFGVHVSCIEPGLFK"	2	1	"y"	7	830.9294665	803.466166532669
"Q58NB6"	"Dehydrogenase/reductase SDR family member 9"	"external"	62.0757042551087	53.6840902163974	"AFGVHVSCIEPGLFK_Lys8"	"AFGVHVSCIEPGLFK"	2	1	"y"	3	830.9294665	407.2652818804
"Q58NB6"	"Dehydrogenase/reductase SDR family member 9"	"external"	62.0757042551087	100	"AFGVHVSCIEPGLFK_Lys8"	"AFGVHVSCIEPGLFK"	2	1	"y"	6	830.9294665	690.382102552244
"Q58NB6"	"Dehydrogenase/reductase SDR family member 9"	"external"	62.0757042551087	42.7613532459616	"AFGVHVSCIEPGLFK_Lys8"	"AFGVHVSCIEPGLFK"	2	1	"b"	4	834.936566	375.202681810409
"Q58NB6"	"Dehydrogenase/reductase SDR family member 9"	"external"	62.0757042551087	44.8072234074977	"AFGVHVSCIEPGLFK_Lys8"	"AFGVHVSCIEPGLFK"	2	1	"y"	4	834.936566	472.300944604109
"Q58NB6"	"Dehydrogenase/reductase SDR family member 9"	"external"	62.0757042551087	47.7293508076806	"AFGVHVSCIEPGLFK_Lys8"	"AFGVHVSCIEPGLFK"	2	1	"y"	7	834.936566	811.480365532669
"Q58NB6"	"Dehydrogenase/reductase SDR family member 9"	"external"	62.0757042551087	53.6840902163974	"AFGVHVSCIEPGLFK_Lys8"	"AFGVHVSCIEPGLFK"	2	1	"y"	3	834.936566	415.2794808804
"Q58NB6"	"Dehydrogenase/reductase SDR family member 9"	"external"	62.0757042551087	100	"AFGVHVSCIEPGLFK_Lys8"	"AFGVHVSCIEPGLFK"	2	1	"y"	6	834.936566	698.396301552244
"Q58NB6"	"Dehydrogenase/reductase SDR family member 9"	"external"	62.0757042551087	42.7613532459616	"AFGVHVSCIEPGLFK_Lys8"	"AFGVHVSCIEPGLFK"	2	1	"b"	4	834.936566	375.202681810409
"Q58NB6"	"Dehydrogenase/reductase SDR family member 9"	"external"	62.0757042551087	44.8072234074977	"AFGVHVSCIEPGLFK_Lys8"	"AFGVHVSCIEPGLFK"	2	1	"y"	4	834.936566	472.300944604109
"Q58NB6"	"Dehydrogenase/reductase SDR family member 9"	"external"	62.0757042551087	47.7293508076806	"AFGVHVSCIEPGLFK_Lys8"	"AFGVHVSCIEPGLFK"	2	1	"y"	7	834.936566	811.480365532669
"Q58NB6"	"Dehydrogenase/reductase SDR family member 9"	"external"	62.0757042551087	53.6840902163974	"AFGVHVSCIEPGLFK_Lys8"	"AFGVHVSCIEPGLFK"	2	1	"y"	3	834.936566	415.2794808804
"Q58NB6"	"Dehydrogenase/reductase SDR family member 9"	"external"	62.0757042551087	100	"AFGVHVSCIEPGLFK_Lys8"	"AFGVHVSCIEPGLFK"	2	1	"y"	6	834.936566	698.396301552244
"BiognosysIRT"	NA	"external"	89.3433890280352	8.79826854710744	"GTFIIDPAAVIR_Unmodified"	"GTFIIDPAAVIR"	2	1	"y"	5	636.869216	529.345657653375
"BiognosysIRT"	NA	"external"	89.3433890280352	12.9572129866693	"GTFIIDPAAVIR_Unmodified"	"GTFIIDPAAVIR"	2	1	"y"	4	636.869216	458.308543865438
"BiognosysIRT"	NA	"external"	89.3433890280352	40.3882054912399	"GTFIIDPAAVIR_Unmodified"	"GTFIIDPAAVIR"	2	1	"b"	4	636.869216	419.228896560941
"BiognosysIRT"	NA	"external"	89.3433890280352	84.5504915344431	"GTFIIDPAAVIR_Unmodified"	"GTFIIDPAAVIR"	2	1	"b"	3	636.869216	306.144832580541
"BiognosysIRT"	NA	"external"	89.3433890280352	100	"GTFIIDPAAVIR_Unmodified"	"GTFIIDPAAVIR"	2	1	"y"	9	636.869216	967.593492498101
"BiognosysIRT"	NA	"external"	89.3433890280352	8.79826854710744	"GTFIIDPAAVIR_Unmodified"	"GTFIIDPAAVIR"	2	1	"y"	5	641.8733505	539.353926653375
"BiognosysIRT"	NA	"external"	89.3433890280352	12.9572129866693	"GTFIIDPAAVIR_Unmodified"	"GTFIIDPAAVIR"	2	1	"y"	4	641.8733505	468.316812865438
"BiognosysIRT"	NA	"external"	89.3433890280352	40.3882054912399	"GTFIIDPAAVIR_Unmodified"	"GTFIIDPAAVIR"	2	1	"b"	4	641.8733505	419.228896560941
"BiognosysIRT"	NA	"external"	89.3433890280352	84.5504915344431	"GTFIIDPAAVIR_Unmodified"	"GTFIIDPAAVIR"	2	1	"b"	3	641.8733505	306.144832580541
"BiognosysIRT"	NA	"external"	89.3433890280352	100	"GTFIIDPAAVIR_Unmodified"	"GTFIIDPAAVIR"	2	1	"y"	9	641.8733505	977.601761498101
"P67778"	"Prohibitin"	"external"	97.1191330751243	30.0120417104353	"AAELIANSLATAGDGLIELR_Unmodified"	"AAELIANSLATAGDGLIELR"	2	1	"y"	7	999.546966	815.462143974006
"P67778"	"Prohibitin"	"external"	97.1191330751243	39.6095411339704	"AAELIANSLATAGDGLIELR_Unmodified"	"AAELIANSLATAGDGLIELR"	2	1	"b"	8	999.546966	770.404294744138
"P67778"	"Prohibitin"	"external"	97.1191330751243	62.3991186492788	"AAELIANSLATAGDGLIELR_Unmodified"	"AAELIANSLATAGDGLIELR"	2	1	"y"	16	999.546966	1613.88571135294
"P67778"	"Prohibitin"	"external"	97.1191330751243	97.4020650252364	"AAELIANSLATAGDGLIELR_Unmodified"	"AAELIANSLATAGDGLIELR"	2	1	"b"	6	999.546966	569.329338887025
"P67778"	"Prohibitin"	"external"	97.1191330751243	100	"AAELIANSLATAGDGLIELR_Unmodified"	"AAELIANSLATAGDGLIELR"	2	1	"y"	4	999.546966	530.329673237981
"P67778"	"Prohibitin"	"external"	97.1191330751243	30.0120417104353	"AAELIANSLATAGDGLIELR_Unmodified"	"AAELIANSLATAGDGLIELR"	2	1	"y"	7	999.546966	815.462143974006
"P67778"	"Prohibitin"	"external"	97.1191330751243	39.6095411339704	"AAELIANSLATAGDGLIELR_Unmodified"	"AAELIANSLATAGDGLIELR"	2	1	"b"	8	999.546966	770.404294744138
"P67778"	"Prohibitin"	"external"	97.1191330751243	62.3991186492788	"AAELIANSLATAGDGLIELR_Unmodified"	"AAELIANSLATAGDGLIELR"	2	1	"y"	16	999.546966	1613.88571135294
"P67778"	"Prohibitin"	"external"	97.1191330751243	97.4020650252364	"AAELIANSLATAGDGLIELR_Unmodified"	"AAELIANSLATAGDGLIELR"	2	1	"b"	6	999.546966	569.329338887025
"P67778"	"Prohibitin"	"external"	97.1191330751243	100	"AAELIANSLATAGDGLIELR_Unmodified"	"AAELIANSLATAGDGLIELR"	2	1	"y"	4	999.546966	530.329673237981
"P67778"	"Prohibitin"	"external"	97.1191330751243	30.0120417104353	"AAELIANSLATAGDGLIELR_Unmodified"	"AAELIANSLATAGDGLIELR"	2	1	"y"	7	1004.5511005	825.470412974006
"P67778"	"Prohibitin"	"external"	97.1191330751243	39.6095411339704	"AAELIANSLATAGDGLIELR_Unmodified"	"AAELIANSLATAGDGLIELR"	2	1	"b"	8	1004.5511005	770.404294744138
"P67778"	"Prohibitin"	"external"	97.1191330751243	62.3991186492788	"AAELIANSLATAGDGLIELR_Unmodified"	"AAELIANSLATAGDGLIELR"	2	1	"y"	16	1004.5511005	1623.89398035294
"P67778"	"Prohibitin"	"external"	97.1191330751243	97.4020650252364	"AAELIANSLATAGDGLIELR_Unmodified"	"AAELIANSLATAGDGLIELR"	2	1	"b"	6	1004.5511005	569.329338887025
"P67778"	"Prohibitin"	"external"	97.1191330751243	100	"AAELIANSLATAGDGLIELR_Unmodified"	"AAELIANSLATAGDGLIELR"	2	1	"y"	4	1004.5511005	540.337942237981
"P67778"	"Prohibitin"	"external"	97.1191330751243	30.0120417104353	"AAELIANSLATAGDGLIELR_Unmodified"	"AAELIANSLATAGDGLIELR"	2	1	"y"	7	1004.5511005	825.470412974006
"P67778"	"Prohibitin"	"external"	97.1191330751243	39.6095411339704	"AAELIANSLATAGDGLIELR_Unmodified"	"AAELIANSLATAGDGLIELR"	2	1	"b"	8	1004.5511005	770.404294744138
"P67778"	"Prohibitin"	"external"	97.1191330751243	62.3991186492788	"AAELIANSLATAGDGLIELR_Unmodified"	"AAELIANSLATAGDGLIELR"	2	1	"y"	16	1004.5511005	1623.89398035294
"P67778"	"Prohibitin"	"external"	97.1191330751243	97.4020650252364	"AAELIANSLATAGDGLIELR_Unmodified"	"AAELIANSLATAGDGLIELR"	2	1	"b"	6	1004.5511005	569.329338887025
"P67778"	"Prohibitin"	"external"	97.1191330751243	100	"AAELIANSLATAGDGLIELR_Unmodified"	"AAELIANSLATAGDGLIELR"	2	1	"y"	4	1004.5511005	540.337942237981
"BiognosysIRT"	NA	"external"	99.8440457662482	28.0827491470507	"LFLQFGAQGSPFLK_Unmodified"	"LFLQFGAQGSPFLK"	2	1	"b"	4	776.929766	502.302395854996
"BiognosysIRT"	NA	"external"	99.8440457662482	74.4899101883581	"LFLQFGAQGSPFLK_Unmodified"	"LFLQFGAQGSPFLK"	2	1	"y"	5	776.929766	591.350074328805
"BiognosysIRT"	NA	"external"	99.8440457662482	81.0820697738658	"LFLQFGAQGSPFLK_Unmodified"	"LFLQFGAQGSPFLK"	2	1	"b"	3	776.929766	374.243818343606
"BiognosysIRT"	NA	"external"	99.8440457662482	99.7394491851255	"LFLQFGAQGSPFLK_Unmodified"	"LFLQFGAQGSPFLK"	2	1	"y"	12	776.929766	1292.69974848346
"BiognosysIRT"	NA	"external"	99.8440457662482	100	"LFLQFGAQGSPFLK_Unmodified"	"LFLQFGAQGSPFLK"	2	1	"y"	8	776.929766	847.467229351628
"BiognosysIRT"	NA	"external"	99.8440457662482	28.0827491470507	"LFLQFGAQGSPFLK_Unmodified"	"LFLQFGAQGSPFLK"	2	1	"b"	4	780.9368655	502.302395854996
"BiognosysIRT"	NA	"external"	99.8440457662482	74.4899101883581	"LFLQFGAQGSPFLK_Unmodified"	"LFLQFGAQGSPFLK"	2	1	"y"	5	780.9368655	599.364273328805
"BiognosysIRT"	NA	"external"	99.8440457662482	81.0820697738658	"LFLQFGAQGSPFLK_Unmodified"	"LFLQFGAQGSPFLK"	2	1	"b"	3	780.9368655	374.243818343606
"BiognosysIRT"	NA	"external"	99.8440457662482	99.7394491851255	"LFLQFGAQGSPFLK_Unmodified"	"LFLQFGAQGSPFLK"	2	1	"y"	12	780.9368655	1300.71394748346
"BiognosysIRT"	NA	"external"	99.8440457662482	100	"LFLQFGAQGSPFLK_Unmodified"	"LFLQFGAQGSPFLK"	2	1	"y"	8	780.9368655	855.481428351628
"P67778"	"Prohibitin"	"external"	114.844983963695	28.4636751654208	"AATFGLILDDVSLTHLTFGK_Unmodified"	"AATFGLILDDVSLTHLTFGK"	3	2	"y"	9	707.052682666667	502.282191729375
"P67778"	"Prohibitin"	"external"	114.844983963695	29.6718682956573	"AATFGLILDDVSLTHLTFGK_Unmodified"	"AATFGLILDDVSLTHLTFGK"	3	2	"y"	16	707.052682666667	864.980169551375
"P67778"	"Prohibitin"	"external"	114.844983963695	40.71497933651	"AATFGLILDDVSLTHLTFGK_Unmodified"	"AATFGLILDDVSLTHLTFGK"	3	2	"y"	11	707.052682666667	609.329870203531
"P67778"	"Prohibitin"	"external"	114.844983963695	99.5144644429891	"AATFGLILDDVSLTHLTFGK_Unmodified"	"AATFGLILDDVSLTHLTFGK"	3	1	"y"	11	707.052682666667	1217.65246393986
"P67778"	"Prohibitin"	"external"	114.844983963695	100	"AATFGLILDDVSLTHLTFGK_Unmodified"	"AATFGLILDDVSLTHLTFGK"	3	2	"y"	14	707.052682666667	779.927405699581
"P67778"	"Prohibitin"	"external"	114.844983963695	28.4636751654208	"AATFGLILDDVSLTHLTFGK_Unmodified"	"AATFGLILDDVSLTHLTFGK"	3	2	"y"	9	707.052682666667	502.282191729375
"P67778"	"Prohibitin"	"external"	114.844983963695	29.6718682956573	"AATFGLILDDVSLTHLTFGK_Unmodified"	"AATFGLILDDVSLTHLTFGK"	3	2	"y"	16	707.052682666667	864.980169551375
"P67778"	"Prohibitin"	"external"	114.844983963695	40.71497933651	"AATFGLILDDVSLTHLTFGK_Unmodified"	"AATFGLILDDVSLTHLTFGK"	3	2	"y"	11	707.052682666667	609.329870203531
"P67778"	"Prohibitin"	"external"	114.844983963695	99.5144644429891	"AATFGLILDDVSLTHLTFGK_Unmodified"	"AATFGLILDDVSLTHLTFGK"	3	1	"y"	11	707.052682666667	1217.65246393986
"P67778"	"Prohibitin"	"external"	114.844983963695	100	"AATFGLILDDVSLTHLTFGK_Unmodified"	"AATFGLILDDVSLTHLTFGK"	3	2	"y"	14	707.052682666667	779.927405699581
"P67778"	"Prohibitin"	"external"	114.844983963695	28.4636751654208	"AATFGLILDDVSLTHLTFGK_Unmodified"	"AATFGLILDDVSLTHLTFGK"	3	2	"y"	9	709.724082333333	506.289291229375
"P67778"	"Prohibitin"	"external"	114.844983963695	29.6718682956573	"AATFGLILDDVSLTHLTFGK_Unmodified"	"AATFGLILDDVSLTHLTFGK"	3	2	"y"	16	709.724082333333	868.987269051375
"P67778"	"Prohibitin"	"external"	114.844983963695	40.71497933651	"AATFGLILDDVSLTHLTFGK_Unmodified"	"AATFGLILDDVSLTHLTFGK"	3	2	"y"	11	709.724082333333	613.336969703531
"P67778"	"Prohibitin"	"external"	114.844983963695	99.5144644429891	"AATFGLILDDVSLTHLTFGK_Unmodified"	"AATFGLILDDVSLTHLTFGK"	3	1	"y"	11	709.724082333333	1225.66666293986
"P67778"	"Prohibitin"	"external"	114.844983963695	100	"AATFGLILDDVSLTHLTFGK_Unmodified"	"AATFGLILDDVSLTHLTFGK"	3	2	"y"	14	709.724082333333	783.934505199581
"P67778"	"Prohibitin"	"external"	114.844983963695	28.4636751654208	"AATFGLILDDVSLTHLTFGK_Unmodified"	"AATFGLILDDVSLTHLTFGK"	3	2	"y"	9	709.724082333333	506.289291229375
"P67778"	"Prohibitin"	"external"	114.844983963695	29.6718682956573	"AATFGLILDDVSLTHLTFGK_Unmodified"	"AATFGLILDDVSLTHLTFGK"	3	2	"y"	16	709.724082333333	868.987269051375
"P67778"	"Prohibitin"	"external"	114.844983963695	40.71497933651	"AATFGLILDDVSLTHLTFGK_Unmodified"	"AATFGLILDDVSLTHLTFGK"	3	2	"y"	11	709.724082333333	613.336969703531
"P67778"	"Prohibitin"	"external"	114.844983963695	99.5144644429891	"AATFGLILDDVSLTHLTFGK_Unmodified"	"AATFGLILDDVSLTHLTFGK"	3	1	"y"	11	709.724082333333	1225.66666293986
"P67778"	"Prohibitin"	"external"	114.844983963695	100	"AATFGLILDDVSLTHLTFGK_Unmodified"	"AATFGLILDDVSLTHLTFGK"	3	2	"y"	14	709.724082333333	783.934505199581
